PseudoB,PseudoO,Functional,Software,Method,CID,MID,SID
PAW-Ti,PAW-O,PS,VASP,E,acs.jpcc.5b05338-1,1,4
PAW-Ti,PAW-O,PS,VASP,E,acs.jpcc.5b05338-2,1,1
PAW-Ti,PAW-O,PS,VASP,E,acs.jpcc.5b05338-3,1,1
PAW-Ti,PAW-O,PS,VASP,E,acs.jpcc.5b05338-4,1,4
PAW-Ti,PAW-O,PS,VASP,E,acs.jpcc.5b05338-5,1,4
PAW-Ti,PAW-O,PS,VASP,E,acs.jpcc.5b05338-6,1,3
PAW-Ti,PAW-O,PS,VASP,E,acs.jpcc.5b05338-7,1,3
PAW-Ti,PAW-O,PS,VASP,E,acs.jpcc.5b05338-8,1,4
PAW-Ti,PAW-O,PS,VASP,E,acs.jpcc.5b05338-9,1,2
PAW-Ti,PAW-O,PS,VASP,E,acs.jpcc.5b05338-10,1,3
PAW-Ti,PAW-O,PS,VASP,E,acs.jpcc.5b05338-11,1,2
PAW-Ti,PAW-O,PS,VASP,E,acs.jpcc.5b05338-12,1,1
PAW-Ti,PAW-O,PS,VASP,E,acs.jpcc.5b05338-13,1,1
PAW-Ti,PAW-O,PS,VASP,E,acs.jpcc.5b05338-14,1,3
PAW-Ti,PAW-O,PS,VASP,E,acs.jpcc.5b05338-15,1,4
PAW-Ti,PAW-O,PS,VASP,E,acs.jpcc.5b05338-16,1,4
PAW-Ti,PAW-O,PS,VASP,E,acs.jpcc.5b05338-17,1,2
PAW-Ti,PAW-O,PS,VASP,E,acs.jpcc.5b05338-18,1,2
PAW-Ti,PAW-O,PS,VASP,E,acs.jpcc.5b05338-19,1,2
PAW-Ti,PAW-O,PS,VASP,E,acs.jpcc.5b05338-20,1,3
PAW-Ti,PAW-O,PS,VASP,E,acs.jpcc.5b05338-21,1,2
PAW-Ti,PAW-O,PS,VASP,E,acs.jpcc.5b05338-22,1,1
PAW-Ti,PAW-O,PS,VASP,E,acs.jpcc.5b05338-23,1,3
PAW-Ti,PAW-O,PS,VASP,E,acs.jpcc.5b05338-24,1,3
PAW-Ti,PAW-O,PS,VASP,E,acs.jpcc.5b05338-25,1,1
PAW-Ti,PAW-O,PS,VASP,E,acs.jpcc.5b05338-26,1,2
PAW-Ti,PAW-O,PS,VASP,E,acs.jpcc.5b05338-27,1,4
PAW-Ti,PAW-O,PS,VASP,E,acs.jpcc.5b05338-28,1,1
PAW-Ti,PAW-O,PW91,VASP,E,acs.jpcc.5b05338-29,1,4
PAW-Ti,PAW-O,PW91,VASP,E,acs.jpcc.5b05338-30,1,2
PAW-Ti,PAW-O,PW91,VASP,E,acs.jpcc.5b05338-31,1,1
PAW-Ti,PAW-O,PW91,VASP,E,acs.jpcc.5b05338-32,1,2
PAW-Ti,PAW-O,PW91,VASP,E,acs.jpcc.5b05338-33,1,3
PAW-Ti,PAW-O,PW91,VASP,E,acs.jpcc.5b05338-34,1,3
PAW-Ti,PAW-O,PW91,VASP,E,acs.jpcc.5b05338-35,1,4
PAW-Ti,PAW-O,PW91,VASP,E,acs.jpcc.5b05338-36,1,3
PAW-Ti,PAW-O,PW91,VASP,E,acs.jpcc.5b05338-37,1,4
PAW-Ti,PAW-O,PW91,VASP,E,acs.jpcc.5b05338-38,1,1
PAW-Ti,PAW-O,PW91,VASP,E,acs.jpcc.5b05338-39,1,2
PAW-Ti,PAW-O,PW91,VASP,E,acs.jpcc.5b05338-40,1,2
PAW-Ti,PAW-O,PW91,VASP,E,acs.jpcc.5b05338-41,1,3
PAW-Ti,PAW-O,PW91,VASP,E,acs.jpcc.5b05338-42,1,1
PAW-Ti,PAW-O,PW91,VASP,E,acs.jpcc.5b05338-43,1,4
PAW-Ti,PAW-O,PW91,VASP,E,acs.jpcc.5b05338-44,1,1
PAW-Ti,PAW-O,PW91,VASP,E,acs.jpcc.5b05338-45,1,1
PAW-Ti,PAW-O,PW91,VASP,E,acs.jpcc.5b05338-46,1,2
PAW-Ti,PAW-O,PW91,VASP,E,acs.jpcc.5b05338-47,1,2
PAW-Ti,PAW-O,PW91,VASP,E,acs.jpcc.5b05338-48,1,4
PAW-Ti,PAW-O,PW91,VASP,E,acs.jpcc.5b05338-49,1,3
PAW-Ti,PAW-O,PW91,VASP,E,acs.jpcc.5b05338-50,1,4
PAW-Ti,PAW-O,PW91,VASP,E,acs.jpcc.5b05338-51,1,1
PAW-Ti,PAW-O,PW91,VASP,E,acs.jpcc.5b05338-52,1,3
PAW-Ti,PAW-O,PW91,VASP,E,acs.jpcc.5b05338-53,1,3
PAW-Ti,PAW-O,PW91,VASP,E,acs.jpcc.5b05338-54,1,4
PAW-Ti,PAW-O,PW91,VASP,E,acs.jpcc.5b05338-55,1,1
PAW-Ti,PAW-O,PW91,VASP,E,acs.jpcc.5b05338-56,1,2
PAW-Ti,PAW-O,AM05,VASP,E,acs.jpcc.5b05338-57,1,1
PAW-Ti,PAW-O,AM05,VASP,E,acs.jpcc.5b05338-58,1,3
PAW-Ti,PAW-O,AM05,VASP,E,acs.jpcc.5b05338-59,1,1
PAW-Ti,PAW-O,AM05,VASP,E,acs.jpcc.5b05338-60,1,2
PAW-Ti,PAW-O,AM05,VASP,E,acs.jpcc.5b05338-61,1,2
PAW-Ti,PAW-O,AM05,VASP,E,acs.jpcc.5b05338-62,1,3
PAW-Ti,PAW-O,AM05,VASP,E,acs.jpcc.5b05338-63,1,3
PAW-Ti,PAW-O,AM05,VASP,E,acs.jpcc.5b05338-64,1,1
PAW-Ti,PAW-O,AM05,VASP,E,acs.jpcc.5b05338-65,1,1
PAW-Ti,PAW-O,AM05,VASP,E,acs.jpcc.5b05338-66,1,2
PAW-Ti,PAW-O,AM05,VASP,E,acs.jpcc.5b05338-67,1,2
PAW-Ti,PAW-O,AM05,VASP,E,acs.jpcc.5b05338-68,1,1
PAW-Ti,PAW-O,AM05,VASP,E,acs.jpcc.5b05338-69,1,1
PAW-Ti,PAW-O,AM05,VASP,E,acs.jpcc.5b05338-70,1,3
PAW-Ti,PAW-O,AM05,VASP,E,acs.jpcc.5b05338-71,1,2
PAW-Ti,PAW-O,AM05,VASP,E,acs.jpcc.5b05338-72,1,2
PAW-Ti,PAW-O,AM05,VASP,E,acs.jpcc.5b05338-73,1,2
PAW-Ti,PAW-O,AM05,VASP,E,acs.jpcc.5b05338-74,1,3
PAW-Ti,PAW-O,AM05,VASP,E,acs.jpcc.5b05338-75,1,3
PAW-Ti,PAW-O,AM05,VASP,E,acs.jpcc.5b05338-76,1,3
PAW-Ti,PAW-O,AM05,VASP,E,acs.jpcc.5b05338-77,1,1
PAW-Ti,PAW-O,LDA,VASP,E,acs.jpcc.5b05338-78,1,4
PAW-Ti,PAW-O,LDA,VASP,E,acs.jpcc.5b05338-79,1,3
PAW-Ti,PAW-O,LDA,VASP,E,acs.jpcc.5b05338-80,1,3
PAW-Ti,PAW-O,LDA,VASP,E,acs.jpcc.5b05338-81,1,1
PAW-Ti,PAW-O,LDA,VASP,E,acs.jpcc.5b05338-82,1,4
PAW-Ti,PAW-O,LDA,VASP,E,acs.jpcc.5b05338-83,1,2
PAW-Ti,PAW-O,LDA,VASP,E,acs.jpcc.5b05338-84,1,4
PAW-Ti,PAW-O,LDA,VASP,E,acs.jpcc.5b05338-85,1,4
PAW-Ti,PAW-O,LDA,VASP,E,acs.jpcc.5b05338-86,1,1
PAW-Ti,PAW-O,LDA,VASP,E,acs.jpcc.5b05338-87,1,4
PAW-Ti,PAW-O,LDA,VASP,E,acs.jpcc.5b05338-88,1,3
PAW-Ti,PAW-O,LDA,VASP,E,acs.jpcc.5b05338-89,1,1
PAW-Ti,PAW-O,LDA,VASP,E,acs.jpcc.5b05338-90,1,1
PAW-Ti,PAW-O,LDA,VASP,E,acs.jpcc.5b05338-91,1,2
PAW-Ti,PAW-O,LDA,VASP,E,acs.jpcc.5b05338-92,1,2
PAW-Ti,PAW-O,LDA,VASP,E,acs.jpcc.5b05338-93,1,2
PAW-Ti,PAW-O,LDA,VASP,E,acs.jpcc.5b05338-94,1,4
PAW-Ti,PAW-O,LDA,VASP,E,acs.jpcc.5b05338-95,1,2
PAW-Ti,PAW-O,LDA,VASP,E,acs.jpcc.5b05338-96,1,3
PAW-Ti,PAW-O,LDA,VASP,E,acs.jpcc.5b05338-97,1,2
PAW-Ti,PAW-O,LDA,VASP,E,acs.jpcc.5b05338-98,1,4
PAW-Ti,PAW-O,LDA,VASP,E,acs.jpcc.5b05338-99,1,3
PAW-Ti,PAW-O,LDA,VASP,E,acs.jpcc.5b05338-100,1,1
PAW-Ti,PAW-O,LDA,VASP,E,acs.jpcc.5b05338-101,1,2
PAW-Ti,PAW-O,LDA,VASP,E,acs.jpcc.5b05338-102,1,3
PAW-Ti,PAW-O,LDA,VASP,E,acs.jpcc.5b05338-103,1,1
PAW-Ti,PAW-O,LDA,VASP,E,acs.jpcc.5b05338-104,1,1
PAW-Ti,PAW-O,LDA,VASP,E,acs.jpcc.5b05338-105,1,3
PAW-Ti-pv,PAW-O,PBE,VASP,E,acs.jpcc.5b05338-106,1,4
PAW-Ti-pv,PAW-O,PBE,VASP,E,acs.jpcc.5b05338-107,1,2
PAW-Ti-pv,PAW-O,PBE,VASP,E,acs.jpcc.5b05338-108,1,4
PAW-Ti-pv,PAW-O,PBE,VASP,E,acs.jpcc.5b05338-109,1,1
PAW-Ti-pv,PAW-O,PBE,VASP,E,acs.jpcc.5b05338-110,1,2
PAW-Ti-pv,PAW-O,PBE,VASP,E,acs.jpcc.5b05338-111,1,3
PAW-Ti-pv,PAW-O,PBE,VASP,E,acs.jpcc.5b05338-112,1,2
PAW-Ti-pv,PAW-O,PBE,VASP,E,acs.jpcc.5b05338-113,1,4
PAW-Ti-pv,PAW-O,PBE,VASP,E,acs.jpcc.5b05338-114,1,1
PAW-Ti-pv,PAW-O,PBE,VASP,E,acs.jpcc.5b05338-115,1,2
PAW-Ti-pv,PAW-O,PBE,VASP,E,acs.jpcc.5b05338-116,1,1
PAW-Ti-pv,PAW-O,PBE,VASP,E,acs.jpcc.5b05338-117,1,4
PAW-Ti-pv,PAW-O,PBE,VASP,E,acs.jpcc.5b05338-118,1,4
PAW-Ti-pv,PAW-O,PBE,VASP,E,acs.jpcc.5b05338-119,1,1
PAW-Ti-pv,PAW-O,PBE,VASP,E,acs.jpcc.5b05338-120,1,3
PAW-Ti-pv,PAW-O,PBE,VASP,E,acs.jpcc.5b05338-121,1,2
PAW-Ti-pv,PAW-O,PBE,VASP,E,acs.jpcc.5b05338-122,1,4
PAW-Ti-pv,PAW-O,PBE,VASP,E,acs.jpcc.5b05338-123,1,1
PAW-Ti-pv,PAW-O,PBE,VASP,E,acs.jpcc.5b05338-124,1,2
PAW-Ti-pv,PAW-O,PBE,VASP,E,acs.jpcc.5b05338-125,1,1
PAW-Ti-pv,PAW-O,PBE,VASP,E,acs.jpcc.5b05338-126,1,1
PAW-Ti-pv,PAW-O,PBE,VASP,E,acs.jpcc.5b05338-127,1,3
PAW-Ti-pv,PAW-O,PBE,VASP,E,acs.jpcc.5b05338-128,1,3
PAW-Ti-pv,PAW-O,PBE,VASP,E,acs.jpcc.5b05338-129,1,2
PAW-Ti-pv,PAW-O,PBE,VASP,E,acs.jpcc.5b05338-130,1,2
PAW-Ti-pv,PAW-O,PBE,VASP,E,acs.jpcc.5b05338-131,1,4
PAW-Ti-pv,PAW-O,PBE,VASP,E,acs.jpcc.5b05338-132,1,2
PAW-Ti-pv,PAW-O,PBE,VASP,E,acs.jpcc.5b05338-133,1,3
PAW-Ti-pv,PAW-O,PBE,VASP,E,acs.jpcc.5b05338-134,1,3
PAW-Ti-pv,PAW-O,PBE,VASP,E,acs.jpcc.5b05338-135,1,3
PAW-Ti-pv,PAW-O,PBE,VASP,E,acs.jpcc.5b05338-136,1,4
PAW-Ti-pv,PAW-O,PBE,VASP,E,acs.jpcc.5b05338-137,1,3
PAW-Ti-pv,PAW-O,PBE,VASP,E,acs.jpcc.5b05338-138,1,2
PAW-Ti-pv,PAW-O,PBE,VASP,E,acs.jpcc.5b05338-139,1,4
PAW-Ti-pv,PAW-O,PBE,VASP,E,acs.jpcc.5b05338-140,1,3
PAW-Ti-pv,PAW-O,PBE,VASP,E,acs.jpcc.5b05338-141,1,1
PAW-Ti-pv,PAW-O,PBE,VASP,E,acs.jpcc.5b05338-142,1,1
PAW-Ti-pv,PAW-O,PBE,VASP,E,acs.jpcc.5b05338-143,1,3
PAW-Ti-pv,PAW-O,PBE,VASP,E,acs.jpcc.5b05338-144,1,1
PAW-Ti-pv,PAW-O,PBE,VASP,E,acs.jpcc.5b05338-145,1,4
PAW-Ti-pv,PAW-O-s,PBE,VASP,E,acs.jpcc.5b05338-146,1,2
PAW-Ti-pv,PAW-O-s,PBE,VASP,E,acs.jpcc.5b05338-147,1,2
PAW-Ti-pv,PAW-O-s,PBE,VASP,E,acs.jpcc.5b05338-148,1,1
PAW-Ti-pv,PAW-O-s,PBE,VASP,E,acs.jpcc.5b05338-149,1,2
PAW-Ti-pv,PAW-O-s,PBE,VASP,E,acs.jpcc.5b05338-150,1,3
PAW-Ti-pv,PAW-O-s,PBE,VASP,E,acs.jpcc.5b05338-151,1,1
PAW-Ti-pv,PAW-O-s,PBE,VASP,E,acs.jpcc.5b05338-152,1,4
PAW-Ti-pv,PAW-O-s,PBE,VASP,E,acs.jpcc.5b05338-153,1,3
PAW-Ti-pv,PAW-O-s,PBE,VASP,E,acs.jpcc.5b05338-154,1,2
PAW-Ti-pv,PAW-O-s,PBE,VASP,E,acs.jpcc.5b05338-155,1,2
PAW-Ti-pv,PAW-O-s,PBE,VASP,E,acs.jpcc.5b05338-156,1,1
PAW-Ti-pv,PAW-O-s,PBE,VASP,E,acs.jpcc.5b05338-157,1,2
PAW-Ti-pv,PAW-O-s,PBE,VASP,E,acs.jpcc.5b05338-158,1,1
PAW-Ti-pv,PAW-O-s,PBE,VASP,E,acs.jpcc.5b05338-159,1,3
PAW-Ti-pv,PAW-O-s,PBE,VASP,E,acs.jpcc.5b05338-160,1,4
PAW-Ti-pv,PAW-O-s,PBE,VASP,E,acs.jpcc.5b05338-161,1,1
PAW-Ti-pv,PAW-O-s,PBE,VASP,E,acs.jpcc.5b05338-162,1,4
PAW-Ti-pv,PAW-O-s,PBE,VASP,E,acs.jpcc.5b05338-163,1,4
PAW-Ti-pv,PAW-O-s,PBE,VASP,E,acs.jpcc.5b05338-164,1,4
PAW-Ti-pv,PAW-O-s,PBE,VASP,E,acs.jpcc.5b05338-165,1,3
PAW-Ti-pv,PAW-O-s,PBE,VASP,E,acs.jpcc.5b05338-166,1,2
PAW-Ti-pv,PAW-O-s,PBE,VASP,E,acs.jpcc.5b05338-167,1,1
PAW-Ti-pv,PAW-O-s,PBE,VASP,E,acs.jpcc.5b05338-168,1,3
PAW-Ti-pv,PAW-O-s,PBE,VASP,E,acs.jpcc.5b05338-169,1,2
PAW-Ti-pv,PAW-O-s,PBE,VASP,E,acs.jpcc.5b05338-170,1,3
PAW-Ti-pv,PAW-O-s,PBE,VASP,E,acs.jpcc.5b05338-171,1,4
PAW-Ti-pv,PAW-O-s,PBE,VASP,E,acs.jpcc.5b05338-172,1,2
PAW-Ti-pv,PAW-O-s,PBE,VASP,E,acs.jpcc.5b05338-173,1,2
PAW-Ti-pv,PAW-O-s,PBE,VASP,E,acs.jpcc.5b05338-174,1,4
PAW-Ti-pv,PAW-O-s,PBE,VASP,E,acs.jpcc.5b05338-175,1,4
PAW-Ti-pv,PAW-O-s,PBE,VASP,E,acs.jpcc.5b05338-176,1,1
PAW-Ti-pv,PAW-O-s,PBE,VASP,E,acs.jpcc.5b05338-177,1,3
PAW-Ti-pv,PAW-O-s,PBE,VASP,E,acs.jpcc.5b05338-178,1,4
PAW-Ti-pv,PAW-O-s,PBE,VASP,E,acs.jpcc.5b05338-179,1,4
PAW-Ti-pv,PAW-O-s,PBE,VASP,E,acs.jpcc.5b05338-180,1,1
PAW-Ti-pv,PAW-O-s,PBE,VASP,E,acs.jpcc.5b05338-181,1,3
PAW-Ti-pv,PAW-O-s,PBE,VASP,E,acs.jpcc.5b05338-182,1,3
PAW-Ti-pv,PAW-O-s,PBE,VASP,E,acs.jpcc.5b05338-183,1,1
PAW-Ti-pv,PAW-O-s,PBE,VASP,E,acs.jpcc.5b05338-184,1,3
PAW-Ti-pv,PAW-O-s,PBE,VASP,E,acs.jpcc.5b05338-185,1,1
PAW-Ti-sv,PAW-O-s,PBE,VASP,E,acs.jpcc.5b05338-186,1,4
PAW-Ti-sv,PAW-O-s,PBE,VASP,E,acs.jpcc.5b05338-187,1,3
PAW-Ti-sv,PAW-O-s,PBE,VASP,E,acs.jpcc.5b05338-188,1,4
PAW-Ti-sv,PAW-O-s,PBE,VASP,E,acs.jpcc.5b05338-189,1,3
PAW-Ti-sv,PAW-O-s,PBE,VASP,E,acs.jpcc.5b05338-190,1,2
PAW-Ti-sv,PAW-O-s,PBE,VASP,E,acs.jpcc.5b05338-191,1,3
PAW-Ti-sv,PAW-O-s,PBE,VASP,E,acs.jpcc.5b05338-192,1,3
PAW-Ti-sv,PAW-O-s,PBE,VASP,E,acs.jpcc.5b05338-193,1,2
PAW-Ti-sv,PAW-O-s,PBE,VASP,E,acs.jpcc.5b05338-194,1,1
PAW-Ti-sv,PAW-O-s,PBE,VASP,E,acs.jpcc.5b05338-195,1,3
PAW-Ti-sv,PAW-O-s,PBE,VASP,E,acs.jpcc.5b05338-196,1,2
PAW-Ti-sv,PAW-O-s,PBE,VASP,E,acs.jpcc.5b05338-197,1,2
PAW-Ti-sv,PAW-O-s,PBE,VASP,E,acs.jpcc.5b05338-198,1,2
PAW-Ti-sv,PAW-O-s,PBE,VASP,E,acs.jpcc.5b05338-199,1,2
PAW-Ti-sv,PAW-O-s,PBE,VASP,E,acs.jpcc.5b05338-200,1,4
PAW-Ti-sv,PAW-O-s,PBE,VASP,E,acs.jpcc.5b05338-201,1,4
PAW-Ti-sv,PAW-O-s,PBE,VASP,E,acs.jpcc.5b05338-202,1,4
PAW-Ti-sv,PAW-O-s,PBE,VASP,E,acs.jpcc.5b05338-203,1,3
PAW-Ti-sv,PAW-O-s,PBE,VASP,E,acs.jpcc.5b05338-204,1,1
PAW-Ti-sv,PAW-O-s,PBE,VASP,E,acs.jpcc.5b05338-205,1,1
PAW-Ti-sv,PAW-O-s,PBE,VASP,E,acs.jpcc.5b05338-206,1,3
PAW-Ti-sv,PAW-O-s,PBE,VASP,E,acs.jpcc.5b05338-207,1,1
PAW-Ti-sv,PAW-O-s,PBE,VASP,E,acs.jpcc.5b05338-208,1,2
PAW-Ti-sv,PAW-O-s,PBE,VASP,E,acs.jpcc.5b05338-209,1,1
PAW-Ti-sv,PAW-O-s,PBE,VASP,E,acs.jpcc.5b05338-210,1,4
PAW-Ti-sv,PAW-O-s,PBE,VASP,E,acs.jpcc.5b05338-211,1,2
PAW-Ti-sv,PAW-O-s,PBE,VASP,E,acs.jpcc.5b05338-212,1,2
PAW-Ti-sv,PAW-O-s,PBE,VASP,E,acs.jpcc.5b05338-213,1,1
PAW-Ti-sv,PAW-O-s,PBE,VASP,E,acs.jpcc.5b05338-214,1,3
PAW-Ti-sv,PAW-O-s,PBE,VASP,E,acs.jpcc.5b05338-215,1,4
PAW-Ti-sv,PAW-O-s,PBE,VASP,E,acs.jpcc.5b05338-216,1,4
PAW-Ti-sv,PAW-O-s,PBE,VASP,E,acs.jpcc.5b05338-217,1,1
PAW-Ti-sv,PAW-O-s,PBE,VASP,E,acs.jpcc.5b05338-218,1,3
PAW-Ti-sv,PAW-O-s,PBE,VASP,E,acs.jpcc.5b05338-219,1,3
PAW-Ti-sv,PAW-O-s,PBE,VASP,E,acs.jpcc.5b05338-220,1,1
PAW-Ti-sv,PAW-O-s,PBE,VASP,E,acs.jpcc.5b05338-221,1,4
PAW-Ti-sv,PAW-O-s,PBE,VASP,E,acs.jpcc.5b05338-222,1,1
PAW-Ti-sv,PAW-O-s,PBE,VASP,E,acs.jpcc.5b05338-223,1,2
PAW-Ti-sv,PAW-O-s,PBE,VASP,E,acs.jpcc.5b05338-224,1,1
PAW-Ti-sv,PAW-O-s,PBE,VASP,E,acs.jpcc.5b05338-225,1,4
PAW-Ti-sv,PAW-O,PBE,VASP,E,acs.jpcc.5b05338-226,1,2
PAW-Ti-sv,PAW-O,PBE,VASP,E,acs.jpcc.5b05338-227,1,3
PAW-Ti-sv,PAW-O,PBE,VASP,E,acs.jpcc.5b05338-228,1,2
PAW-Ti-sv,PAW-O,PBE,VASP,E,acs.jpcc.5b05338-229,1,3
PAW-Ti-sv,PAW-O,PBE,VASP,E,acs.jpcc.5b05338-230,1,1
PAW-Ti-sv,PAW-O,PBE,VASP,E,acs.jpcc.5b05338-231,1,4
PAW-Ti-sv,PAW-O,PBE,VASP,E,acs.jpcc.5b05338-232,1,1
PAW-Ti-sv,PAW-O,PBE,VASP,E,acs.jpcc.5b05338-233,1,2
PAW-Ti-sv,PAW-O,PBE,VASP,E,acs.jpcc.5b05338-234,1,2
PAW-Ti-sv,PAW-O,PBE,VASP,E,acs.jpcc.5b05338-235,1,1
PAW-Ti-sv,PAW-O,PBE,VASP,E,acs.jpcc.5b05338-236,1,1
PAW-Ti-sv,PAW-O,PBE,VASP,E,acs.jpcc.5b05338-237,1,4
PAW-Ti-sv,PAW-O,PBE,VASP,E,acs.jpcc.5b05338-238,1,1
PAW-Ti-sv,PAW-O,PBE,VASP,E,acs.jpcc.5b05338-239,1,3
PAW-Ti-sv,PAW-O,PBE,VASP,E,acs.jpcc.5b05338-240,1,3
PAW-Ti-sv,PAW-O,PBE,VASP,E,acs.jpcc.5b05338-241,1,3
PAW-Ti-sv,PAW-O,PBE,VASP,E,acs.jpcc.5b05338-242,1,3
PAW-Ti-sv,PAW-O,PBE,VASP,E,acs.jpcc.5b05338-243,1,3
PAW-Ti-sv,PAW-O,PBE,VASP,E,acs.jpcc.5b05338-244,1,2
PAW-Ti-sv,PAW-O,PBE,VASP,E,acs.jpcc.5b05338-245,1,4
PAW-Ti-sv,PAW-O,PBE,VASP,E,acs.jpcc.5b05338-246,1,2
PAW-Ti-sv,PAW-O,PBE,VASP,E,acs.jpcc.5b05338-247,1,4
PAW-Ti-sv,PAW-O,PBE,VASP,E,acs.jpcc.5b05338-248,1,2
PAW-Ti-sv,PAW-O,PBE,VASP,E,acs.jpcc.5b05338-249,1,4
PAW-Ti-sv,PAW-O,PBE,VASP,E,acs.jpcc.5b05338-250,1,3
PAW-Ti-sv,PAW-O,PBE,VASP,E,acs.jpcc.5b05338-251,1,2
PAW-Ti-sv,PAW-O,PBE,VASP,E,acs.jpcc.5b05338-252,1,3
PAW-Ti-sv,PAW-O,PBE,VASP,E,acs.jpcc.5b05338-253,1,4
PAW-Ti-sv,PAW-O,PBE,VASP,E,acs.jpcc.5b05338-254,1,4
PAW-Ti-sv,PAW-O,PBE,VASP,E,acs.jpcc.5b05338-255,1,3
PAW-Ti-sv,PAW-O,PBE,VASP,E,acs.jpcc.5b05338-256,1,4
PAW-Ti-sv,PAW-O,PBE,VASP,E,acs.jpcc.5b05338-257,1,1
PAW-Ti-sv,PAW-O,PBE,VASP,E,acs.jpcc.5b05338-258,1,1
PAW-Ti-sv,PAW-O,PBE,VASP,E,acs.jpcc.5b05338-259,1,4
PAW-Ti-sv,PAW-O,PBE,VASP,E,acs.jpcc.5b05338-260,1,2
PAW-Ti-sv,PAW-O,PBE,VASP,E,acs.jpcc.5b05338-261,1,4
PAW-Ti-sv,PAW-O,PBE,VASP,E,acs.jpcc.5b05338-262,1,2
PAW-Ti-sv,PAW-O,PBE,VASP,E,acs.jpcc.5b05338-263,1,1
PAW-Ti-sv,PAW-O,PBE,VASP,E,acs.jpcc.5b05338-264,1,1
PAW-Ti-sv,PAW-O,PBE,VASP,E,acs.jpcc.5b05338-265,1,1
PAW-Ti,PAW-O-s,PBE,VASP,E,acs.jpcc.5b05338-266,1,3
PAW-Ti,PAW-O-s,PBE,VASP,E,acs.jpcc.5b05338-267,1,4
PAW-Ti,PAW-O-s,PBE,VASP,E,acs.jpcc.5b05338-268,1,3
PAW-Ti,PAW-O-s,PBE,VASP,E,acs.jpcc.5b05338-269,1,2
PAW-Ti,PAW-O-s,PBE,VASP,E,acs.jpcc.5b05338-270,1,2
PAW-Ti,PAW-O-s,PBE,VASP,E,acs.jpcc.5b05338-271,1,1
PAW-Ti,PAW-O-s,PBE,VASP,E,acs.jpcc.5b05338-272,1,2
PAW-Ti,PAW-O-s,PBE,VASP,E,acs.jpcc.5b05338-273,1,3
PAW-Ti,PAW-O-s,PBE,VASP,E,acs.jpcc.5b05338-274,1,1
PAW-Ti,PAW-O-s,PBE,VASP,E,acs.jpcc.5b05338-275,1,4
PAW-Ti,PAW-O-s,PBE,VASP,E,acs.jpcc.5b05338-276,1,3
PAW-Ti,PAW-O-s,PBE,VASP,E,acs.jpcc.5b05338-277,1,1
PAW-Ti,PAW-O-s,PBE,VASP,E,acs.jpcc.5b05338-278,1,4
PAW-Ti,PAW-O-s,PBE,VASP,E,acs.jpcc.5b05338-279,1,4
PAW-Ti,PAW-O-s,PBE,VASP,E,acs.jpcc.5b05338-280,1,2
PAW-Ti,PAW-O-s,PBE,VASP,E,acs.jpcc.5b05338-281,1,2
PAW-Ti,PAW-O-s,PBE,VASP,E,acs.jpcc.5b05338-282,1,3
PAW-Ti,PAW-O-s,PBE,VASP,E,acs.jpcc.5b05338-283,1,2
PAW-Ti,PAW-O-s,PBE,VASP,E,acs.jpcc.5b05338-284,1,4
PAW-Ti,PAW-O-s,PBE,VASP,E,acs.jpcc.5b05338-285,1,4
PAW-Ti,PAW-O-s,PBE,VASP,E,acs.jpcc.5b05338-286,1,1
PAW-Ti,PAW-O-s,PBE,VASP,E,acs.jpcc.5b05338-287,1,3
PAW-Ti,PAW-O-s,PBE,VASP,E,acs.jpcc.5b05338-288,1,3
PAW-Ti,PAW-O-s,PBE,VASP,E,acs.jpcc.5b05338-289,1,2
PAW-Ti,PAW-O-s,PBE,VASP,E,acs.jpcc.5b05338-290,1,1
PAW-Ti,PAW-O-s,PBE,VASP,E,acs.jpcc.5b05338-291,1,4
PAW-Ti,PAW-O-s,PBE,VASP,E,acs.jpcc.5b05338-292,1,1
PAW-Ti,PAW-O-s,PBE,VASP,E,acs.jpcc.5b05338-293,1,1
PAW-Ti,PAW-O,PBE,VASP,E,acs.jpcc.5b05338-294,1,1
PAW-Ti,PAW-O,PBE,VASP,E,acs.jpcc.5b05338-295,1,5
PAW-Ti,PAW-O,PBE,VASP,E,acs.jpcc.5b05338-296,1,2
PAW-Ti,PAW-O,PBE,VASP,E,acs.jpcc.5b05338-297,1,6
PAW-Ti,PAW-O,PBE,VASP,E,acs.jpcc.5b05338-298,1,1
PAW-Ti,PAW-O,PBE,VASP,E,acs.jpcc.5b05338-299,1,2
PAW-Ti,PAW-O,PBE,VASP,E,acs.jpcc.5b05338-300,1,1
PAW-Ti,PAW-O,PBE,VASP,E,acs.jpcc.5b05338-301,1,4
PAW-Ti,PAW-O,PBE,VASP,E,acs.jpcc.5b05338-302,1,2
PAW-Ti,PAW-O,PBE,VASP,E,acs.jpcc.5b05338-303,1,5
PAW-Ti,PAW-O,PBE,VASP,E,acs.jpcc.5b05338-304,1,6
PAW-Ti,PAW-O,PBE,VASP,E,acs.jpcc.5b05338-305,1,2
PAW-Ti,PAW-O,PBE,VASP,E,acs.jpcc.5b05338-306,1,4
PAW-Ti,PAW-O,PBE,VASP,E,acs.jpcc.5b05338-307,1,7
PAW-Ti,PAW-O,PBE,VASP,E,acs.jpcc.5b05338-308,1,4
PAW-Ti,PAW-O,PBE,VASP,E,acs.jpcc.5b05338-309,1,7
PAW-Ti,PAW-O,PBE,VASP,E,acs.jpcc.5b05338-310,1,6
PAW-Ti,PAW-O,PBE,VASP,E,acs.jpcc.5b05338-311,1,7
PAW-Ti,PAW-O,PBE,VASP,E,acs.jpcc.5b05338-312,1,6
PAW-Ti,PAW-O,PBE,VASP,E,acs.jpcc.5b05338-313,1,3
PAW-Ti,PAW-O,PBE,VASP,E,acs.jpcc.5b05338-314,1,4
PAW-Ti,PAW-O,PBE,VASP,E,acs.jpcc.5b05338-315,1,6
PAW-Ti,PAW-O,PBE,VASP,E,acs.jpcc.5b05338-316,1,5
PAW-Ti,PAW-O,PBE,VASP,E,acs.jpcc.5b05338-317,1,4
PAW-Ti,PAW-O,PBE,VASP,E,acs.jpcc.5b05338-318,1,3
PAW-Ti,PAW-O,PBE,VASP,E,acs.jpcc.5b05338-319,1,2
PAW-Ti,PAW-O,PBE,VASP,E,acs.jpcc.5b05338-320,1,2
PAW-Ti,PAW-O,PBE,VASP,E,acs.jpcc.5b05338-321,1,5
PAW-Ti,PAW-O,PBE,VASP,E,acs.jpcc.5b05338-322,1,2
PAW-Ti,PAW-O,PBE,VASP,E,acs.jpcc.5b05338-323,1,3
PAW-Ti,PAW-O,PBE,VASP,E,acs.jpcc.5b05338-324,1,6
PAW-Ti,PAW-O,PBE,VASP,E,acs.jpcc.5b05338-325,1,2
PAW-Ti,PAW-O,PBE,VASP,E,acs.jpcc.5b05338-326,1,7
PAW-Ti,PAW-O,PBE,VASP,E,acs.jpcc.5b05338-327,1,1
PAW-Ti,PAW-O,PBE,VASP,E,acs.jpcc.5b05338-328,1,2
PAW-Ti,PAW-O,PBE,VASP,E,acs.jpcc.5b05338-329,1,3
PAW-Ti,PAW-O,PBE,VASP,E,acs.jpcc.5b05338-330,1,1
PAW-Ti,PAW-O,PBE,VASP,E,acs.jpcc.5b05338-331,1,3
PAW-Ti,PAW-O,PBE,VASP,E,acs.jpcc.5b05338-332,1,7
PAW-Ti,PAW-O,PBE,VASP,E,acs.jpcc.5b05338-333,1,2
PAW-Ti,PAW-O,PBE,VASP,E,acs.jpcc.5b05338-334,1,3
PAW-Ti,PAW-O,PBE,VASP,E,acs.jpcc.5b05338-335,1,1
PAW-Ti,PAW-O,PBE,VASP,E,acs.jpcc.5b05338-336,1,2
PAW-Ti,PAW-O,PBE,VASP,E,acs.jpcc.5b05338-337,1,4
PAW-Ti,PAW-O,PBE,VASP,E,acs.jpcc.5b05338-338,1,2
PAW-Ti,PAW-O,PBE,VASP,E,acs.jpcc.5b05338-339,1,1
PAW-Ti,PAW-O,PBE,VASP,E,acs.jpcc.5b05338-340,1,1
PAW-Ti,PAW-O,PBE,VASP,E,acs.jpcc.5b05338-341,1,2
PAW-Ti,PAW-O,PBE,VASP,E,acs.jpcc.5b05338-342,1,3
PAW-Ti,PAW-O,PBE,VASP,E,acs.jpcc.5b05338-343,1,1
PAW-Ti,PAW-O,PBE,VASP,E,acs.jpcc.5b05338-344,1,6
PAW-Ti,PAW-O,PBE,VASP,E,acs.jpcc.5b05338-345,1,5
PAW-Ti,PAW-O,PBE,VASP,E,acs.jpcc.5b05338-346,1,4
PAW-Ti,PAW-O,PBE,VASP,E,acs.jpcc.5b05338-347,1,3
PAW-Ti,PAW-O,PBE,VASP,E,acs.jpcc.5b05338-348,1,1
PAW-Ti,PAW-O,PBE,VASP,E,acs.jpcc.5b05338-349,1,7
PAW-Ti,PAW-O,PBE,VASP,E,acs.jpcc.5b05338-350,1,3
PAW-Ti,PAW-O,PBE,VASP,E,acs.jpcc.5b05338-351,1,2
PAW-Ti,PAW-O,PBE,VASP,E,acs.jpcc.5b05338-352,1,1
PAW-Ti,PAW-O,PBE,VASP,E,acs.jpcc.5b05338-353,1,3
PAW-Ti,PAW-O,PBE,VASP,E,acs.jpcc.5b05338-354,1,2
PAW-Ti,PAW-O,PBE,VASP,E,acs.jpcc.5b05338-355,1,2
PAW-Ti,PAW-O,PBE,VASP,E,acs.jpcc.5b05338-356,1,1
PAW-Ti,PAW-O,PBE,VASP,E,acs.jpcc.5b05338-357,1,7
PAW-Ti,PAW-O,PBE,VASP,E,acs.jpcc.5b05338-358,1,1
PAW-Ti,PAW-O,PBE,VASP,E,acs.jpcc.5b05338-359,1,1
PAW-Ti,PAW-O,PBE,VASP,E,acs.jpcc.5b05338-360,1,1
PAW-Ti,PAW-O,PBE,VASP,E,acs.jpcc.5b05338-361,1,5
PAW-Ti,PAW-O,PBE,VASP,E,acs.jpcc.5b05338-362,1,1
PAW-Ti,PAW-O,PBE,VASP,E,acs.jpcc.5b05338-363,1,5
PAW-Ti,PAW-O,PBE,VASP,E,acs.jpcc.5b05338-364,1,2
PAW-Ti,PAW-O,PBE,VASP,E,acs.jpcc.5b05338-365,1,2
PAW-Ti,PAW-O,PBE,VASP,E,acs.jpcc.5b05338-366,1,1
PAW-Ti,PAW-O,PBE,VASP,E,acs.jpcc.5b05338-367,1,1
PAW-V,PAW-O,PBE,VASP,E,acs.jpcc.5b05338-368,2,4
PAW-V,PAW-O,PBE,VASP,E,acs.jpcc.5b05338-369,2,4
PAW-V,PAW-O,PBE,VASP,E,acs.jpcc.5b05338-370,2,4
PAW-V,PAW-O,PBE,VASP,E,acs.jpcc.5b05338-371,2,2
PAW-V,PAW-O,PBE,VASP,E,acs.jpcc.5b05338-372,2,3
PAW-V,PAW-O,PBE,VASP,E,acs.jpcc.5b05338-373,2,1
PAW-V,PAW-O,PBE,VASP,E,acs.jpcc.5b05338-374,2,1
PAW-V,PAW-O,PBE,VASP,E,acs.jpcc.5b05338-375,2,4
PAW-V,PAW-O,PBE,VASP,E,acs.jpcc.5b05338-376,2,2
PAW-V,PAW-O,PBE,VASP,E,acs.jpcc.5b05338-377,2,2
PAW-V,PAW-O,PBE,VASP,E,acs.jpcc.5b05338-378,2,4
PAW-V,PAW-O,PBE,VASP,E,acs.jpcc.5b05338-379,2,3
PAW-V,PAW-O,PBE,VASP,E,acs.jpcc.5b05338-380,2,1
PAW-V,PAW-O,PBE,VASP,E,acs.jpcc.5b05338-381,2,3
PAW-V,PAW-O,PBE,VASP,E,acs.jpcc.5b05338-382,2,2
PAW-V,PAW-O,PBE,VASP,E,acs.jpcc.5b05338-383,2,1
PAW-V,PAW-O,PBE,VASP,E,acs.jpcc.5b05338-384,2,3
PAW-V,PAW-O,PBE,VASP,E,acs.jpcc.5b05338-385,2,2
PAW-V,PAW-O,PBE,VASP,E,acs.jpcc.5b05338-386,2,1
PAW-V,PAW-O,PBE,VASP,E,acs.jpcc.5b05338-387,2,1
PAW-V,PAW-O,PBE,VASP,E,acs.jpcc.5b05338-388,2,3
PAW-V,PAW-O,PBE,VASP,E,acs.jpcc.5b05338-389,2,2
PAW-V,PAW-O,PBE,VASP,E,acs.jpcc.5b05338-390,2,4
PAW-V,PAW-O,PBE,VASP,E,acs.jpcc.5b05338-391,2,1
PAW-V,PAW-O,PBE,VASP,E,acs.jpcc.5b05338-392,2,4
PAW-V,PAW-O,PBE,VASP,E,acs.jpcc.5b05338-393,2,2
PAW-V,PAW-O,PBE,VASP,E,acs.jpcc.5b05338-394,2,3
PAW-V,PAW-O,PBE,VASP,E,acs.jpcc.5b05338-395,2,3
PAW-Ru,PAW-O,PBE,VASP,E,acs.jpcc.5b05338-396,3,6
PAW-Ru,PAW-O,PBE,VASP,E,acs.jpcc.5b05338-397,3,6
PAW-Ru,PAW-O,PBE,VASP,E,acs.jpcc.5b05338-398,3,1
PAW-Ru,PAW-O,PBE,VASP,E,acs.jpcc.5b05338-399,3,1
PAW-Ru,PAW-O,PBE,VASP,E,acs.jpcc.5b05338-400,3,3
PAW-Ru,PAW-O,PBE,VASP,E,acs.jpcc.5b05338-401,3,3
PAW-Ru,PAW-O,PBE,VASP,E,acs.jpcc.5b05338-402,3,3
PAW-Ru,PAW-O,PBE,VASP,E,acs.jpcc.5b05338-403,3,3
PAW-Ru,PAW-O,PBE,VASP,E,acs.jpcc.5b05338-404,3,1
PAW-Ru,PAW-O,PBE,VASP,E,acs.jpcc.5b05338-405,3,6
PAW-Ru,PAW-O,PBE,VASP,E,acs.jpcc.5b05338-406,3,6
PAW-Ru,PAW-O,PBE,VASP,E,acs.jpcc.5b05338-407,3,1
PAW-Ru,PAW-O,PBE,VASP,E,acs.jpcc.5b05338-408,3,6
PAW-Ru,PAW-O,PBE,VASP,E,acs.jpcc.5b05338-409,3,3
PAW-Ru,PAW-O,PBE,VASP,E,acs.jpcc.5b05338-410,3,6
PAW-Ru,PAW-O,PBE,VASP,E,acs.jpcc.5b05338-411,3,3
PAW-Ru,PAW-O,PBE,VASP,E,acs.jpcc.5b05338-412,3,3
PAW-Ru,PAW-O,PBE,VASP,E,acs.jpcc.5b05338-413,3,1
PAW-Ru,PAW-O,PBE,VASP,E,acs.jpcc.5b05338-414,3,1
PAW-Ru,PAW-O,PBE,VASP,E,acs.jpcc.5b05338-415,3,1
PAW-Ru,PAW-O,PBE,VASP,E,acs.jpcc.5b05338-416,3,6
PAW-Ir,PAW-O,PBE,VASP,E,acs.jpcc.5b05338-417,4,1
PAW-Ir,PAW-O,PBE,VASP,E,acs.jpcc.5b05338-418,4,3
PAW-Ir,PAW-O,PBE,VASP,E,acs.jpcc.5b05338-419,4,3
PAW-Ir,PAW-O,PBE,VASP,E,acs.jpcc.5b05338-420,4,3
PAW-Ir,PAW-O,PBE,VASP,E,acs.jpcc.5b05338-421,4,3
PAW-Ir,PAW-O,PBE,VASP,E,acs.jpcc.5b05338-422,4,1
PAW-Ir,PAW-O,PBE,VASP,E,acs.jpcc.5b05338-423,4,6
PAW-Ir,PAW-O,PBE,VASP,E,acs.jpcc.5b05338-424,4,1
PAW-Ir,PAW-O,PBE,VASP,E,acs.jpcc.5b05338-425,4,3
PAW-Ir,PAW-O,PBE,VASP,E,acs.jpcc.5b05338-426,4,6
PAW-Ir,PAW-O,PBE,VASP,E,acs.jpcc.5b05338-427,4,1
PAW-Ir,PAW-O,PBE,VASP,E,acs.jpcc.5b05338-428,4,6
PAW-Ir,PAW-O,PBE,VASP,E,acs.jpcc.5b05338-429,4,6
PAW-Ir,PAW-O,PBE,VASP,E,acs.jpcc.5b05338-430,4,3
PAW-Ir,PAW-O,PBE,VASP,E,acs.jpcc.5b05338-431,4,6
PAW-Ir,PAW-O,PBE,VASP,E,acs.jpcc.5b05338-432,4,3
PAW-Ir,PAW-O,PBE,VASP,E,acs.jpcc.5b05338-433,4,6
PAW-Ir,PAW-O,PBE,VASP,E,acs.jpcc.5b05338-434,4,6
PAW-Ir,PAW-O,PBE,VASP,E,acs.jpcc.5b05338-435,4,1
PAW-Ir,PAW-O,PBE,VASP,E,acs.jpcc.5b05338-436,4,1
PAW-Ir,PAW-O,PBE,VASP,E,acs.jpcc.5b05338-437,4,1
PAW-Ti,PAW-O,PBE,VASP,E,acs.jpcc.5b05338-438,1,8
PAW-Ti,PAW-O,PBE,VASP,E,acs.jpcc.5b05338-439,1,8
PAW-Ti,PAW-O,PBE,VASP,E,acs.jpcc.5b05338-440,1,8
PAW-Ti,PAW-O,PBE,VASP,E,acs.jpcc.5b05338-441,1,8
PAW-Ti,PAW-O,PBE,VASP,E,acs.jpcc.5b05338-442,1,8
PAW-Ti,PAW-O,PBE,VASP,E,acs.jpcc.5b05338-443,1,8
PAW-Ti,PAW-O,PBE,VASP,E,acs.jpcc.5b05338-444,1,8
US-Ti-pv-sv,US-O,PBE,QE,E,acs.jpcc.5b05338-445,1,1
US-Ti-pv-sv,US-O,PBE,QE,E,acs.jpcc.5b05338-446,1,1
US-Ti-pv-sv,US-O,PBE,QE,E,acs.jpcc.5b05338-447,1,1
US-Ti-pv-sv,US-O,PBE,QE,E,acs.jpcc.5b05338-448,1,1
US-Ti-pv-sv,US-O,PBE,QE,E,acs.jpcc.5b05338-449,1,1
US-Ti-pv-sv,US-O,PBE,QE,E,acs.jpcc.5b05338-450,1,1
US-Ti-pv-sv,US-O,PBE,QE,E,acs.jpcc.5b05338-451,1,1
US-Ti-pv-sv,US-O,PBE,QE,E,acs.jpcc.5b05338-452,1,3
US-Ti-pv-sv,US-O,PBE,QE,E,acs.jpcc.5b05338-453,1,3
US-Ti-pv-sv,US-O,PBE,QE,E,acs.jpcc.5b05338-454,1,3
US-Ti-pv-sv,US-O,PBE,QE,E,acs.jpcc.5b05338-455,1,3
US-Ti-pv-sv,US-O,PBE,QE,E,acs.jpcc.5b05338-456,1,3
US-Ti-pv-sv,US-O,PBE,QE,E,acs.jpcc.5b05338-457,1,3
US-Ti-pv-sv,US-O,PBE,QE,E,acs.jpcc.5b05338-458,1,3
PAW-Ti,PAW-O,PS,VASP,LR,acs.jpcc.5b05338-459,1,1
PAW-Ti,PAW-O,PS,VASP,LR,acs.jpcc.5b05338-460,1,2
PAW-Ti-pv,PAW-O,PBE,VASP,LR,acs.jpcc.5b05338-461,1,1
PAW-Ti-pv,PAW-O,PBE,VASP,LR,acs.jpcc.5b05338-462,1,2
PAW-Ti-sv,PAW-O,PBE,VASP,LR,acs.jpcc.5b05338-463,1,1
PAW-Ti-sv,PAW-O,PBE,VASP,LR,acs.jpcc.5b05338-464,1,2
PAW-Ti,PAW-O,PBE,VASP,LR,acs.jpcc.5b05338-465,1,1
PAW-Ti,PAW-O,PBE,VASP,LR,acs.jpcc.5b05338-466,1,2
PAW-Ti,PAW-O,PBE,VASP,LR,acs.jpcc.5b05338-467,1,3
PAW-Ti,PAW-O,PBE,VASP,LR,acs.jpcc.5b05338-468,1,4
PAW-Ti,PAW-O,PBE,VASP,LR,acs.jpcc.5b05338-469,1,1
PAW-Ti,PAW-O,PBE,VASP,LR,acs.jpcc.5b05338-470,1,1
PAW-Ti,PAW-O,PBE,VASP,LR,acs.jpcc.5b05338-471,1,1
PAW-Ti,PAW-O,PBE,VASP,LR,acs.jpcc.5b05338-472,1,1
PAW-Ti,PAW-O,PBE,VASP,LR,acs.jpcc.5b05338-473,1,1
PAW-Ti,PAW-O,PBE,VASP,LR,acs.jpcc.5b05338-474,1,1
PAW-Ti,PAW-O,PBE,VASP,PDOS,acs.jpcc.5b05338-475,1,1
PAW-Ti,PAW-O,PBE,VASP,PDOS,acs.jpcc.5b05338-476,1,1
PAW-Ti,PAW-O,PBE,VASP,PDOS,acs.jpcc.5b05338-477,1,2
PAW-Ti,PAW-O,PBE,VASP,PDOS,acs.jpcc.5b05338-478,1,2
PAW-Ti-pv,PAW-O,PBE,VASP,PDOS,acs.jpcc.5b05338-479,1,1
PAW-Ti-pv,PAW-O,PBE,VASP,PDOS,acs.jpcc.5b05338-480,1,1
PAW-Ti-pv,PAW-O,PBE,VASP,PDOS,acs.jpcc.5b05338-481,1,2
PAW-Ti-pv,PAW-O,PBE,VASP,PDOS,acs.jpcc.5b05338-482,1,2
PAW-Ti-sv,PAW-O,PBE,VASP,PDOS,acs.jpcc.5b05338-483,1,1
PAW-Ti-sv,PAW-O,PBE,VASP,PDOS,acs.jpcc.5b05338-484,1,1
PAW-Ti-sv,PAW-O,PBE,VASP,PDOS,acs.jpcc.5b05338-485,1,2
PAW-Ti-sv,PAW-O,PBE,VASP,PDOS,acs.jpcc.5b05338-486,1,2
PAW-Ti,PAW-O,PBE0,VASP,E,acs.jpcc.5b05338-488,1,2
PAW-Ti,PAW-O,PBE0,VASP,E,acs.jpcc.5b05338-489,1,2
PAW-Ti,PAW-O,PBE0,VASP,E,acs.jpcc.5b05338-490,1,1
PAW-Ti,PAW-O,PBE0,VASP,E,acs.jpcc.5b05338-491,1,1
PAW-Ti,PAW-O,PBE0,VASP,E,acs.jpcc.5b05338-492,1,1
PAW-Ti,PAW-O,PBE0,VASP,E,acs.jpcc.5b05338-493,1,1
PAW-Ti,PAW-O,PBE0,VASP,E,acs.jpcc.5b05338-494,1,2
PAW-Ti,PAW-O,PBE0,VASP,E,acs.jpcc.5b05338-495,1,2
PAW-Ti,PAW-O,PBE0,VASP,E,acs.jpcc.5b05338-496,1,1
PAW-Ti,PAW-O,PBE0,VASP,E,acs.jpcc.5b05338-497,1,1
PAW-Ti,PAW-O,PBE0,VASP,E,acs.jpcc.5b05338-498,1,2
PAW-Ti,PAW-O,PBE0,VASP,E,acs.jpcc.5b05338-499,1,2
PAW-Ti,PAW-O,PBE0,VASP,E,acs.jpcc.5b05338-500,1,2
PAW-Ti,PAW-O,PBE0,VASP,E,acs.jpcc.5b05338-501,1,1
PAW-Ti,PAW-O,HSE06,VASP,E,acs.jpcc.5b05338-502,1,3
PAW-Ti,PAW-O,HSE06,VASP,E,acs.jpcc.5b05338-503,1,2
PAW-Ti,PAW-O,HSE06,VASP,E,acs.jpcc.5b05338-504,1,2
PAW-Ti,PAW-O,HSE06,VASP,E,acs.jpcc.5b05338-505,1,1
PAW-Ti,PAW-O,HSE06,VASP,E,acs.jpcc.5b05338-506,1,1
PAW-Ti,PAW-O,HSE06,VASP,E,acs.jpcc.5b05338-507,1,2
PAW-Ti,PAW-O,HSE06,VASP,E,acs.jpcc.5b05338-508,1,1
PAW-Ti,PAW-O,HSE06,VASP,E,acs.jpcc.5b05338-509,1,1
PAW-Ti,PAW-O,HSE06,VASP,E,acs.jpcc.5b05338-510,1,2
PAW-Ti,PAW-O,HSE06,VASP,E,acs.jpcc.5b05338-511,1,1
PAW-Ti,PAW-O,HSE06,VASP,E,acs.jpcc.5b05338-512,1,1
PAW-Ti,PAW-O,HSE06,VASP,E,acs.jpcc.5b05338-513,1,2
PAW-Ti,PAW-O,HSE06,VASP,E,acs.jpcc.5b05338-514,1,2
PAW-Ti,PAW-O,HSE06,VASP,E,acs.jpcc.5b05338-515,1,1
PAW-Ti,PAW-O,HSE06,VASP,E,acs.jpcc.5b05338-516,1,2
PAW-Ti,PAW-O,HSE06,VASP,E,acs.jpcc.5b05338-517,1,1
PAW-Ti,PAW-O,HSE06,VASP,E,acs.jpcc.5b05338-518,1,1
PAW-Ti,PAW-O,PBE,VASP,LR,acs.jpcc.5b05338-519,1,1
PAW-Ti,PAW-O,PBE,VASP,LR,acs.jpcc.5b05338-520,1,1
PAW-Ti,PAW-O,PBE,VASP,LR,acs.jpcc.5b05338-521,1,1
PAW-Ti,PAW-O,HSE06,VASP,E,acs.jpcc.5b05338-522,1,1
PAW-Ti,PAW-O,HSE06,VASP,E,acs.jpcc.5b05338-523,1,2